medical_abstract,n_tokens,sera_truncado,triage_prediction,urgent_score,nonurgent_score,confidence
"The value of immunohistochemistry for collagen IV expression in colorectal carcinomas. The Dukes' classification has well-established prognostic value in colorectal cancer patients. Yet, in each Dukes' class, the survival of individual patients may vary considerably. Recent studies show prognostic significance of genetic alterations in colorectal carcinoma. However, the importance of tumor stromal components noted in the surrounding tissue may have been overlooked by the methods used. Therefore, in a longitudinal study of 154 patients with colorectal cancer operated on between 1967 and 1974, the authors determined the influence on prognosis of lymphocytic infiltration and expression of collagen type IV in tumor stroma. Also, age, sex, Dukes' classification, grade of tumor differentiation, vasoinvasion, and the number of positive lymph nodes were analyzed. Follow-up was at least 15 years. Lymphocytic infiltration and collagen IV expression were scored as mild, moderate, or severe. Survival was analyzed by a Cox proportional-hazards model. The density of lymphocytic invasion showed no significant influence on survival. Collagen IV expression analyzed as a single variable was significantly (P = 0.038) related to better prognosis in colorectal cancer patients. By multi-variate analysis collagen IV expression showed a trend toward better prognosis that was not statistically significant (P = 0.12). Dukes' classification (P less than 0.001), the presence of vasoinvasion (P = 0.009), and lymph node status (P = 0.04) significantly influenced survival. In conclusion immunohistochemistry for collagen IV is an important additional staining technique with prognostic value. In addition, collagen IV immunostaining facilitates recognition of vascular invasion by highlighting the basement membrane of vessels.",411,True,non-urgent,0.1949821561574936,0.8050178289413452,0.8050178289413452
"In vitro drug sensitivity of cells from children with leukemia using the MTT assay with improved culture conditions. The knowledge about drug resistance in childhood leukemias and acute lymphoblastic leukemia (ALL) in general is limited. This is because of the lack of a suitable in vitro drug sensitivity assay, which is in part due to low in vitro ALL cell survival. We recently adapted the highly efficient 3-[4,5-dimethylthiazol-2-yl]-2,5-diphenyl tetrazolium bromide (MTT) assay to test cells from ALL patients and showed that its results were comparable with those of the DiSC assay, up to now the most valid but laborious assay. In this study, in vitro drug sensitivity was assessed in cells from 82 children with leukemia, 79 of whom had ALL, with the MTT assay. Dose response curves were obtained for 6-mercaptopurine, 6-thioguanine (6-TG), prednisolone (Pred), daunorubicin (DNR), vincristine (VCR), cytosine arabinoside (Ara-C), L-asparaginase (L-Asp), mafosfamide, and mustine. A cytotoxic effect of methotrexate could be detected in only a few cases. Large interindividual differences in drug sensitivity were detected. Compared with leukemia cells from newly diagnosed patients, leukemia cells from relapsed patients were significantly more in vitro resistant to 6-TG, Pred, Ara-C, mafosfamide and mustine but not to DNR, VCR, and L-Asp. Improvements of culture medium and methods to increase MTT reduction were studied. From 10 components tested, addition of insulin and bovine serum albumin to serum-containing medium improved ALL cell survival. Addition of succinate did not increase the amount of MTT reduction. We conclude that the in vitro MTT assay highly facilitates large-scale studies on drug resistance of ALL patients that can lead to rational improvements in existing treatment protocols.",499,True,non-urgent,0.3782503008842468,0.6217496991157532,0.6217496991157532
"Postarthroscopy analgesia with bupivacaine. A prospective, randomized, blinded evaluation. The analgesic effect of intraarticular bupivacaine injected at the conclusion of knee arthroscopy done under general anesthesia was investigated in a prospective, randomized, and blinded fashion. Pain scores, the use of analgesic medications, crutch use, weight-bearing, activity level, and difficulty sleeping the night after surgery were all unaffected by the use of bupivacaine. The apparent lack of effect is most likely due to rapid clearance from the knee, leaving only a transient, 1 to 2 hours of potential benefit. In this study, the patients were already quite comfortable during this time period due to the routine use of intraoperative narcotics. The preoperative level of knee discomfort was found to be a major determinant of postoperative discomfort. Other much less important factors were synovial and chondral shaving, sex of the patient, and experience of the surgeon.",225,False,non-urgent,0.17083024978637695,0.8291696906089783,0.8291696906089783
"Indirect revascularization of the lower extremity by means of microvascular free-muscle flap--a preliminary report. We describe the treatment of a patient with end-stage peripheral vascular disease and ischemic ulceration of the lower extremity in whom an obliteration of the distal arterial bed precluded conventional arterial reconstruction. A nonhealing dorsal foot ulcer was debrided, and soft tissue reconstruction was accomplished by the free microsurgical transfer of a muscle flap to the distal lower extremity. Arterial inflow to this free flap was provided by a contralateral reversed saphenous vein graft from the proximal arterial tree of the leg. This procedure resulted in a healed wound, stable coverage, and limb salvage. The patient also noted complete relief of rest pain and improvement in his claudication symptoms. A follow-up arteriogram was done 2 months after surgery. Contrast injection directly into the artery of this flap showed new blood vessel growth from the muscle flap into the foot with anastomoses of these ""new vessels"" to the patient's native circulation. This experience suggests that limb salvage may be possible by the free microvascular transplantation of a muscle flap onto the limb in selected patients whose limbs are deemed ""nonreconstructible."".",285,True,non-urgent,0.47688812017440796,0.523111879825592,0.523111879825592
"Visceral protothecosis mimicking sclerosing cholangitis in an immunocompetent host: successful antifungal therapy. A healthy 39-year-old man who had clinical findings consistent with sclerosing cholangitis was found to have systemic protothecosis at surgery. Severe granulomatous inflammation and palpable nodules were found in the gallbladder, on the surface of the liver, and in the duodenum. Prototheca wickerhamii was detected in biopsied specimens and stool; the titer of indirect fluorescent antibody to this organism was 1:2,000. The patient recovered after a short course of treatment with amphotericin B and 3 months of oral therapy with ketoconazole. He had no other concurrent illness and had no abnormality in his immune system. This is the second reported human case of systemic protothecosis. An elevated IgG level, an elevated erythrocyte sedimentation rate, eosinophilia, and abnormal levels of enzymes in the liver were found in both cases. Protothecosis should be considered in the differential diagnosis of hepatic and biliary inflammatory diseases of uncertain etiology.",269,True,urgent,0.6622713208198547,0.33772870898246765,0.6622713208198547
"Evolution of energy expenditure and nitrogen excretion in severe head-injured patients. OBJECTIVE: The aim of the study was to estimate the influence of therapeutic changes on the level of energy expenditure (EE) and N excretion in a homogeneous group of patients usually considered hypermetabolic. DESIGN: EE and N excretion of head-injured patients were measured simultaneously at phases 1 and 2 (patients treated 4 +/- 3 and 18 +/- 8 days after injury, respectively). SETTING: Acute care hospital. PATIENTS: Eight severe head-injured patients, mean weight 63.1 +/- 6.1 (SD) kg, mean age 21 +/- 3.8 (SD) yr. INTERVENTIONS: At phase 1, all patients were sedated with fentanyl (6.7 +/- 1.9 micrograms/kg.hr) plus flunitrazepam (9.1 +/- 4.8 micrograms/kg.hr) and were mechanically ventilated. All patients received continuous total parenteral nutrition. The nonprotein caloric intake averaged 1092 +/- 200 kcal/day, including 77% glucose and 23% fat (Intralipid 20%). The total N intake averaged 7 +/- 5 g/day, consisting of crystalline amino acids. At phase 2, no patient received any sedative and all were breathing spontaneously via tracheostomy. All patients received parenteral and/or enteral nutrition. The nonprotein caloric intake averaged 1929 +/- 200 kcal/day consisting of 65% carbohydrates and 35% fat. The total N intake averaged 13 +/- 2 g/day. MEASUREMENTS AND MAIN RESULTS: The EE was significantly higher at phase 2 than at phase 1 (2121 vs. 1737 kcal), but the interindividual variability was low at both phases. N excretion was high at the two periods of the study and not correlated to the level of EE. The RQ was 0.75 at both periods, indicating predominant fat oxidation. CONCLUSIONS: We could not demonstrate any parallelism in the evolution of EE and protein catabolism in head-injured patients. The therapeutics (mechanical ventilation, sedation, and nutrition) have a major effect on EE but little on N excretion.",544,True,urgent,0.6358222961425781,0.3641776740550995,0.6358222961425781
Warning: fatal reaction to the use of fibrin glue in deep hepatic wounds. Case reports. Two cases of severe hypotension following the use of fibrin glue for hemostasis in hepatic injuries are reported. A systemic reaction to bovine thrombin via large venous lacerations is suspected. A preliminary animal study supports this hypothesis. Caution is advised in the use of fibrin glue for hemostasis in deep hepatic wounds.,107,False,urgent,0.8448207378387451,0.1551792025566101,0.8448207378387451
"Activation of erythropoietin receptors by Friend viral gp55 and by erythropoietin and down-modulation by the murine Fv-2r resistance gene. The leukemogenic membrane glycoprotein (gp55) encoded by Friend spleen focus-forming virus appears to bind to erythropoietin receptors (EpoR) sto stimulate erythroblastosis [Li, J.-P., D'Andrea, A.D., Lodish, H.F. & Baltimore, D. (1990) Nature (London) 343, 762-764]. To directly compare the effects of gp55 with erythropoietin (Epo), we produced retrovirions that encode either gp55, Epo, or EpoR. After infection with EpoR virus, interleukin 3-dependent DA-3 cells bound 125I-labeled Epo and grew without interleukin 3 in the presence of Epo. These latter cells, but not parental DA-3 cells, became factor-independent after superinfection either with Epo virus or with Friend spleen focus-forming virus. In addition, Epo virus caused a disease in mice that mimicked Friend erythroleukemia. Although Fv-2r homozygotes are susceptible to all other retroviral diseases, they are resistant to both Epo viral and Friend viral erythroleukemias. These results indicate that both gp55 and Epo stimulate EpoR and that the Fv-2 gene encodes a protein that controls response to these ligands. However, the Fv-2 protein is not EpoR because the corresponding genes map to opposite ends of mouse chromosome 9. These results have important implications for understanding signal transduction by EpoR and the role of host genetic variation in controlling susceptibility to an oncogenic protein.",432,True,non-urgent,0.20814844965934753,0.7918515801429749,0.7918515801429749
"Response to suxamethonium in a myasthenic patient during remission. A cumulative dose followed by an infusion was used to determine the dose response to suxamethonium in a patient with diagnosed myasthenia gravis who was in true remission (asymptomatic while receiving no therapy). The ED50 and ED90 values for suxamethonium were 0.08 mg/kg and 0.20 mg/kg, and an infusion rate of 3.2 mg/kg/hour was required to maintain a 90-95% depression of the single twitch response as monitored by integrated electromyography. These values are within the range for normal patients, and we conclude that myasthenic patients during a true remission may not demonstrate resistance to suxamethonium.",173,False,non-urgent,0.41362008452415466,0.5863799452781677,0.5863799452781677
"Serological evidence of infection with Helicobacter pylori may predict gastrointestinal intolerance to non-steroidal anti-inflammatory drug (NSAID) treatment in rheumatoid arthritis. Specific circulating antibodies to the spiral gastric organism, Helicobacter pylori (HP) were detectable in 43% of 68 patients with rheumatoid arthritis by complement fixation test (CFT) and enzyme-linked immunosorbent assay (ELISA), a frequency comparable with that of a normal, age-matched population. Presence of these antibodies correlated strongly with a previous history of peptic ulcer disease (PUD) and to the severity of NSAID-related dyspeptic symptoms, the latter often leading to multiple drug intolerance. This contrasts with short term, prospective NSAID toxicity data, which show little relationship between ulceration and HP carriage. This result suggests, however, that HP may have a definite role in the pathogenesis of symptomatic PUD associated with more chronic NSAID usage, and may have important implications for ulcer prophylaxis in these patients.",257,True,non-urgent,0.08400078862905502,0.915999174118042,0.915999174118042
"Vascular complications after orthotopic liver transplantation. Over a 57-month period, we performed 430 orthotopic liver transplants in 372 patients. A total of 38 vascular complications were identified including hepatic artery thrombosis (n = 24), portal vein thrombosis (n = 6), combined hepatic artery thrombosis/portal vein thrombosis (n = 3), and hepatic artery rupture (n = 5). A number of potential risk factors for the development of vascular thrombosis were evaluated with only children, weight less than 10 kg, and cold ischemia time found to be significant. The clinical presentation included fulminant hepatic failure, allograft dysfunction, biliary sepsis, and screening ultrasound. Duplex ultrasonography was diagnostic in nearly all cases. Therapeutic modalities included revascularization, revascularization followed by retransplantation, retransplantation alone, and observation. Five cases of hepatic artery rupture occurred in four patients. Infectious arteritis was present in four patients. The 6-month actuarial survival in patients with vascular complications was 70%. Early diagnosis is critical for graft salvage, with surgical intervention the mainstay of therapy.",289,True,urgent,0.8362395167350769,0.1637604981660843,0.8362395167350769
"Simultaneous measurement of myocardial perfusion and ventricular function during exercise from a single injection of technetium-99m sestamibi in coronary artery disease. New radiopharmaceuticals permit simultaneous assessment of myocardial perfusion and left ventricular function using a single tracer injection. The purpose of this study was to quantitate the relation between myocardial perfusion and function at rest and during exercise in patients with documented coronary artery disease (CAD). A rest first-pass radionuclide angiocardiogram (RNA) was recorded in 51 patients with CAD during injection of 10 mCi of technetium-99m (Tc-99m) sestamibi, and tomographic perfusion images were obtained 60 minutes later. A treadmill test was then performed, and on attainment of an exercise end point a second first-pass RNA was recorded with 30 mCi of Tc-99m sestamibi. Tomographic images reflecting myocardial perfusion during exercise were obtained 1 hour later. Tomographic perfusion defect size, quantified using modifications of the Cedars-Sinai program, correlated directly with end-systolic volume and inversely with ejection fraction at rest and during exercise. However, perfusion defect size often varied widely in patients with similar left ventricular function. This independence between measurements of perfusion and function suggests that simultaneous assessment of the 2 physiologic variables could improve the diagnostic and prognostic information of radionuclide tests.",338,True,non-urgent,0.3138796389102936,0.686120331287384,0.686120331287384
"Anal submucosal injection: a new route for drug administration. VI. Chronic prostatitis: a new modality of treatment with report of eleven cases. The anal submucosal route was used for the treatment of chronic bacterial prostatitis in 11 patients. Prior to presentation, the patients had received different antimicrobial agents; the symptoms disappeared only to recur whenever the drug was discontinued. After repeated failure, the patients were treated with gentamicin to which the organisms were sensitive, via the anal submucosal route. A daily injection was given for ten days on an outpatient basis. The technique of injection is described. The patients were followed up clinically and by segmented cultures for three years. No anorectal complications were encountered as had been demonstrated experimentally. The symptoms of chronic prostatitis disappeared, and culture was negative by the end of treatment and for two to three years thereafter in all patients. It appears that the antimicrobial agent, via anal route, reaches the prostatic tissues at a higher concentration than that of the serum. The route adopted by the drug to reach the prostate from the anal submucosa is presented.",249,False,non-urgent,0.2540273070335388,0.7459726333618164,0.7459726333618164
"Vitamin E and cancer prevention. Some animal experiments and human studies suggest that vitamin E may protect against cancer. Serum alpha-tocopherol concentration was studied for its prediction of cancer in a cohort of 36,265 adults in Finland. During a mean follow-up of 8 y, cancer was diagnosed in 766 persons. The levels of serum alpha-tocopherol were determined from stored serum samples (at -20 degrees C) taken from these cancer patients and from 1419 matched control subjects. Individuals with a low level of alpha-tocopherol had about a 1.5-fold risk of cancer compared with those with a higher level. The strength of the association between serum alpha-tocopherol level and cancer risk varied for different cancer sites and was strongest for some gastrointestinal cancers and for the combined group of cancers unrelated to smoking. The association was strongest among nonsmoking men and among women with low levels of serum selenium. The findings agree with the hypothesis that dietary vitamin E in some circumstances protects against cancer.",223,False,non-urgent,0.05692162737250328,0.9430783987045288,0.9430783987045288
"Transesophageal echocardiography during percutaneous balloon mitral valvuloplasty. To ascertain the value of transesophageal echocardiography during percutaneous balloon mitral valvuloplasty, the present study was undertaken in 26 anesthesized patients (21 women and 5 men; mean age, 47 years) with symptomatic rheumatic mitral valve stenosis. In all but one patient the balloon dilation of the mitral valve was successful and Doppler-derived valve area increased (0.9 +/- 0.3 to 1.9 +/- 0.4 cm2). Transesophageal echocardiography provides continuous monitoring, as well as guidance of the procedure. Crossing the arterial septum, as well as delivery of the sheath through the mitral valve orifice and correct positioning of the balloon, was highly facilitated and reduced x-ray exposure time. The degree of mitral regurgitation and the presence of interatrial shunting at the end of the procedure could be readily assessed, making cineangiography not necessary. Complications of the procedure, such as pericardial effusion, could be detected before hemodynamic deterioration had occurred (one patient). The advantages of transesophageal echocardiography for routine monitoring of percutaneous mitral valvuloplasty, however, should be weighted against the added risk and expense of this support.",325,True,urgent,0.6019884347915649,0.39801156520843506,0.6019884347915649
"Rapid inactivation and phosphorylation of pyroglutamyl peptidase II in Y-79 human retinoblastoma cells after exposure to phorbol ester. Pyroglutamyl peptidase II (EC 3.4.19.-), a membrane-bound metalloproteinase, is a highly specific TRH-degrading enzyme. Exposure of Y-79 human retinoblastoma cells to 12-0-tetradecanoyl phorbol 13-acetate (TPA) decreased the activity of this enzyme in a time- and concentration-dependent manner (IC50 5 x 10(-9) M). After 15 min of TPA treatment, only 10% of pyroglutamyl peptidase II activity remained. TPA treatment did not affect the activity of the cytosolic enzyme pyroglutamyl peptidase I (EC 3.4.19.3) or the membrane-bound enzyme dipeptidyl peptidase IV (EC 3.4.19.3). Pretreatment of the cells with the protein kinase C inhibitors H-7 or sphingosine prevented the inactivation of pyroglutamyl peptidase II by TPA. The time course of the TPA-mediated effect paralleled the time course of translocation and activation of protein kinase C in this cell line. Immunoblot analysis demonstrated that inactivation of pyroglutamyl peptidase II was not due to dissociation or internalization of this enzyme molecule. Incubation of TPA-activated Y-79 cell membranes with gamma-[32P]-ATP followed by immunoprecipitation revealed a time-dependent phosphorylation of a 48 kilodalton subunit of pyroglutamyl peptidase II. These studies indicate that the phorbol ester effect is mediated by protein kinase C, and reveal a mechanism of potentiation of the action of TRH at its target sites.",449,True,non-urgent,0.2669006288051605,0.7330993413925171,0.7330993413925171
"Three mixed venous saturation catheters in patients with circulatory shock and respiratory failure Thirty-one critically ill patients with acute respiratory failure and circulatory shock were divided into three groups. Group 1 included 11 patients with an inserted mixed venous saturation (SvO2) catheter using three-reference wavelengths and characterized by one transmitting and one detecting fiberoptic filament (Oximetrix opticath catheter); group 2 included eight patients with an inserted SvO2 catheter using two-reference wavelengths and characterized by one transmitting and one detecting fiberoptic filament; (Edwards sat-one catheter); group 3 included 12 patients with an inserted SvO2 catheter using two-reference wavelengths and characterized by one transmitting and two detecting fiberoptic filaments. Once calibration procedures were performed, SvO2 measured by the catheter and by an hemoximeter OSM 3 (reference value) were compared following each therapeutic intervention. Over a period of 1.5 to 6 hours during which the hematocrit value remained unchanged, 119 measurements were obtained in group 1, 91 in group 2 and 181 in group 3. The dispersion of SvO2 values was much more pronounced with the two-reference wavelength systems using either one or two detecting fiber optic filaments, and the correlation coefficient was significantly higher with the three-reference wavelength system (r = 0.970 for the Oximetrix catheter vs r = 0.855 for the Edwards catheter and r = 0.826 for the Spectramed catheter, p less than 0.001). After 24 hours, the spontaneous drifts in the two-reference wavelength systems, using either one or two detecting fiber optic filaments (expressed as the SvO2 value measured by the catheter minus the reference SvO2 value) were significantly higher than the spontaneous drift in the three-reference wavelength system (9.3 +/- 7 percent for the Edwards catheter and +/- 6 +/- 4.1 percent for the Spectramed catheter vs 3.3 +/- 3.1 percent for the Oximetrix catheter, p less than 0.05). This study shows that a three-wavelength system is more accurate than a two-wavelength system for measuring acute changes in SvO2. The addition of a second detecting fiber optic filament does not seem to improve the accuracy of the system when SvO2 changes occur in conditions of stable hematocrit.",565,True,urgent,0.7543800473213196,0.245619997382164,0.7543800473213196
"Imaging techniques in the diagnosis of carcinoma of the colon. The variability in the published results for colonoscopy and barium enema examinations is confusing. With both, optimum results are dependent on meticulous preparation, technical excellence, and operator proficiency. It is a mistake to place colonoscopy and the barium enema in competitive positions; the two methods ideally complement one another in the evaluation of high risk individuals, including those with positive Hemoccult tests. The exclusion of significant pathology by the double-contrast enema can be relied on and is less costly to the patient. Detection of abnormalities by a barium enema should, when necessary, be followed by colonoscopic verification and/or biopsy. When used in this sequence, the procedures provide a cost-effective approach to the early detection and control of cancer; it is estimated that observance of the ACS guidelines can reduce mortality rates by 30%.",208,False,non-urgent,0.31668105721473694,0.6833189725875854,0.6833189725875854
"Thromboembolism. A complication of weekly chemotherapy in the treatment of non-Hodgkin's lymphoma. In a retrospective survey of 85 patients who received chemotherapy as treatment for non-Hodgkin's lymphomas, the authors found that clinically apparent thromboembolic disorders occurred in four of 11 patients receiving weekly chemotherapy, and in none of 74 patients who were treated on less intensive schedules, suggesting that intensive weekly chemotherapy is thrombogenic. The possible mechanisms of this effect are discussed.",123,False,urgent,0.5498539209365845,0.45014604926109314,0.5498539209365845
"Mechanism of stroke in patients taking aspirin. During a 1-year period, we prospectively studied the mechanism and severity of stroke in 47 patients sustaining a cerebral infarction while taking aspirin. The mechanism of stroke was undetermined in 12 patients (26%). In the remaining 35 patients, we identified 39 potential mechanisms: large-artery atherosclerosis (19 patients, 40%), cardioembolism (15 patients, 32%), and small-vessel occlusive disease (5 patients, 11%). Of 11 patients with carotid atherosclerosis and stroke, 9 (82%) had greater than 90% carotid stenosis or occlusion; of 12 patients with stroke of undetermined mechanism, 10 (83%) had previous stroke, of which 8 were also of undetermined mechanisms. Disability after stroke was moderate or severe in 27 patients (57%). These data suggest that (1) stroke in patients taking aspirin has a variety of etiologies and frequently causes moderate or severe disability; (2) patients with carotid disease failing aspirin often have high-grade carotid stenosis or occlusion; (3) stroke of undetermined mechanism may recur more frequently than other stroke subtypes in patients taking aspirin.",290,True,urgent,0.6707252860069275,0.3292746841907501,0.6707252860069275
"Ultrastructural evidence of the effects of shear stress variation on intimal thickening in dogs with arterially transplanted autologous vein grafts. Based on our findings that changes in wall shear stress, not the rate of blood flow, were the main hemodynamic factor related to intimal hyperplasia of autologous vein grafts, we further investigated the effect of wall shear stress variation on sequential ultrastructural changes in the intimal hyperplasia of arterially transplanted autovein grafts, using canine models. As noted, wall shear stress variation (tau-variation) could be defined by the variation in wall shear stress within a cardiac cycle, using a desktop flow waveform analyzer. In Group I, which had a high flow rate of 78.4 +/- 4.6 ml/min and low tau-variation of 36.1 +/- 2.2 dynes/cm2, intimal hyperplasia was significant. Ultrastructurally, there was a marked transformation of intimal smooth muscle cells to secretory cells 2 to 4 weeks after implantation. The surface of the intima was lined with modified smooth muscle cells at 2 weeks after implantation. In Group II, which had a low flow rate of 5.6 +/- 2.2 ml/min and normal tau-variation value (174.6 +/- 13.0 dynes/cm2), intimal hyperplasia was minimal, and there were several layers of contractile type smooth muscle cells, with characteristic myofibrillae. The surface of the intima was lined with endothelial cells at 2 weeks after implantation. These findings suggest that, in regions of low wall shear stress variation, intimal smooth muscle cells of autovein grafts may well become secretory cells, and enhanced platelet adherence could occur during early intimal repair, causing intimal hyperplasia to develop.",432,True,non-urgent,0.25734639167785645,0.7426536083221436,0.7426536083221436
"Lack of transmission of the live attenuated varicella vaccine virus to immunocompromised children after immunization of their siblings. The safety of administering the live attenuated Oka/Merck varicella vaccine to the well siblings of children with malignancy was evaluated as a strategy for reducing the risk of household exposure to varicella among immunocompromised children. Susceptible well children were eligible for vaccination if the child with malignancy had leukemia, lymphoma, or solid tumor in remission for 3 months or longer. No evidence of vaccine virus transmission was found among 30 children with malignancy whose 37 healthy susceptible siblings were immunized with varicella vaccine. Varicella-zoster virus was not isolated from the oropharyngeal secretions taken from 17 vaccinees or their 14 immunocompromised siblings. None of the 30 immunocompromised children had vaccine-related rashes or showed immunologic evidence of subclinical varicella-zoster virus infection based on testing for varicella-zoster virus IgG antibodies and T-lymphocyte proliferation to varicella-zoster virus. Four healthy vaccinees eventually had mild breakthrough cases of varicella, with transmission to the high-risk sibling in 3 cases. However, even in these families, the immunocompromised children had been protected from household exposure varicella for at least 20 months early in the course of their immunosuppressive treatment.",350,True,urgent,0.6390874981880188,0.3609125018119812,0.6390874981880188
"Postpartum hemorrhage: placenta accreta, uterine inversion, and puerperal hematomas. Puerperal hematomas, although rare, can be potentially morbid or life-threatening events. Early surgical management, including clot evacuation, layered closure, drainage, antibiotics, and fluid replacement (including blood), usually result in satisfactory outcome. Prevention is clearly preferable and often achievable with careful initial repair of episiotomies and lacerations.",110,False,urgent,0.8339730501174927,0.16602694988250732,0.8339730501174927
"Giant cell tumor of bone. A clinicopathologic and DNA flow cytometric analysis. Flow cytometric DNA analysis was performed on 60 cases of giant cell tumor of bone and the results were correlated with the clinicopathologic features. Tumors studied were from 31 men and 29 women whose ages ranged from 18 to 62 years (median, 29 years). The most common sites were the distal end of the femur and proximal end of the tibia, accounting for 75% of the lesions. Treatment consisted of resection in 29 patients (48%), curettage with bone chip packing in 15 patients (25%), or curettage with cement packing in 16 patients (27%). Ten patients (17%) had local relapse within 1 to 3 years, and two had lung metastases. Forty-two patients (70%) exhibited tumors with a diploid DNA content, 16 aneuploid (27%), and two tetraploid (3%). Six (37.5%) of the aneuploid patients had relapses: one of those had been treated by resection of the tumor and five by curettage. Of the remaining ten (62.5%) unrelapsed aneuploid patients, nine had been treated by resection of the tumor and one by curettage. Four of the 42 diploid patients (9.5%) had relapses; all had been treated by curettage of the tumor. The two tetraploid tumors were treated by resection and none relapsed. Histologic parameters did not correlate with relapse rate or DNA pattern. Although relapse was more common among aneuploid tumors, our study shows that this appears to be influenced by the treatment modality rather than the ploidy status. Based on this study the DNA analysis of giant cell tumor of bone has a limited utility for predicting the tumor's biologic behavior.",433,True,non-urgent,0.45294761657714844,0.5470523834228516,0.5470523834228516
"Frequency and clinical implications of monoclonal antibody detection of tumor-associated antigens in serum of patients with lung cancer. We previously showed that a panel of monoclonal antibodies (MAb) (5E8, 5C7, and 1F10) that detect serum tumor-associated antigens (TAA) could distinguish patients with lung cancer from those without to a highly significant degree. However, among patients with lung cancer, the frequency and clinical importance of serum TAA expression were not established. Therefore, we analyzed the serum and initial clinical characteristics of 52 Philadelphia VA patients with newly diagnosed lung cancer seen over a 13-month period. A modified semiquantitative ELISA was employed to determine MAb reactivity. Our cohort was characterized by a mean age of 65 +/- 9 year (SD) and mean Karnovsky score of 74 +/- 10; marked weight loss was present in 28 subjects, and 39 presented with either Stage III or IV disease. The panel detected TAAs in 38 of 52 cases (sensitivity 73%; 95% Cl, 60-83%), including 13 of 22 squamous cell, 9 of 12 adenocarcinoma, 10 of 11 undifferentiated, and 6 of 7 small cell carcinomas. No significant differences were found between the reactive and nonreactive patients in terms of age, stage at presentation, histologic subtype, performance status, or weight loss. However, 1F10 and 5C7 were each associated with a greater risk of early death by Cox proportional hazard analysis (p = 0.017 and 0.006, respectively) even when other prognostic variables are accounted for. We conclude that specific serum TAA can be detected in the majority of lung cancer patients with all major histologic subtypes in a cohort with advanced tumors and poor prognostic indices.",404,True,non-urgent,0.3890252113342285,0.6109747886657715,0.6109747886657715
"A human CD5+ B cell clone that secretes an idiotype-specific high affinity IgM monoclonal antibody. We previously demonstrated the occurrence of a naturally arisen human anti-idiotypic B cell clone, that we transformed with EBV (EBV383). We show evidence that EBV383 not only expresses the CD5 surface Ag, but also contains the 2.7-kb mRNA transcript encoding this protein. In addition, we show the presence of the 3.6-kb mRNA precursor. Most Ig produced by CD5+ B cells are polyreactive natural IgM antibodies encoded by unmutated copies of germline VH genes. However, in this study we present data demonstrating the monoreactive high affinity character of the anti-idiotypic antibody (mAb383) produced by EBV383. These data are in agreement with our previous observations, showing that the VH chain of mAb383 is encoded by an extensive somatically mutated VHV gene in a way that is consistent with an Ag-driven immune response. A possible role for this remarkable anti-idiotypic antibody in the maintenance of B cell memory is discussed.",271,True,non-urgent,0.2116154134273529,0.7883845567703247,0.7883845567703247
"Use of quinapril in the elderly patient. Quinapril hydrochloride is a nonsulfhydryl angiotensin converting enzyme (ACE) inhibitor that has been extensively tested and found effective when administered once-a-day to hypertensive patients of both sexes and all degrees of hypertension and cardiac compromise, including those with left ventricular hypertrophy, with and without congestive heart failure. Observations with earlier ACE inhibitors led to reports that this class of drugs was relatively ineffective in older hypertensive patients. To ascertain the role of quinapril (greater than or equal to 10 mg/day) in older patients, its blood pressure-lowering effects in 1,175 hypertensive patients less than or equal to 65 years of age were compared with those in 304 patients greater than 65 years of age. An excellent response was observed in patients greater than 65 years of age with mild to moderate hypertension (diastolic BP, 95 to 105 mm Hg) and moderate to severe hypertension (diastolic BP, 106 to 115 mm Hg). The reductions in blood pressure achieved with quinapril were at least comparable to those obtained in the younger hypertensives, and were numerically (but not statistically) greater in the mild to moderate group (-14 mm Hg v-12 mm Hg). In addition, the percentage of patients who experienced adverse experiences was lower in the greater than 65 group than in the less than or equal to 65 group (15% v 19%). The main adverse experiences reported included dizziness, headache, cough, fatigue, and hypotension. These findings indicate that quinapril is at least as safe and effective in older hypertensives as in younger patients.",388,True,non-urgent,0.17995427548885345,0.8200456500053406,0.8200456500053406
"The pharmacology of intravenous and oral etoposide. The epipodophyllotoxin derivative etoposide (VP-16) has been in widespread use both alone and in combination chemotherapy for the past decade. It has phase-specific cytotoxicity that acts in the last S and G2 phases of the cell cycle. Although its mode of action is not certain, it appears to act by causing breaks in DNA by interaction with DNA-topoisomerase II or by the formation of free radicals. Most studies show biexponential decay after the intravenous (IV) administration of etoposide. Approximately 30% to 70% of administered etoposide is excreted, with approximately 45% present in the urine. Etoposide is available in oral and IV preparations. It is highly schedule-dependent, with once-daily doses (e.g., for 5 to 8 days every 21 days) giving results superior to intermittent administration. The bioavailability of oral etoposide is approximately 50%, but its absorption is not linear with increasing dose (e.g., greater than 200 mg/d, bioavailability decreases). Factors influencing the bioavailability of oral etoposide include patient status, concurrent medications, hepatic and renal function, and nausea and vomiting. In numerous clinical trials, etoposide has demonstrated excellent activity against a range of tumors, including small cell lung cancer (SCLC), malignant lymphomas, gestational trophoblastic tumors, Ewing's and soft tissue sarcomas, and germ cell tumors, with more modest activity in other tumors (e.g., non-SCLC). Although few comparative studies have been carried out, available data suggest that oral etoposide administered daily during 5 to 8 days is similar to the IV preparation in range of activity. In a study of 53 elderly patients with SCLC treated with etoposide (200 mg/d for five times), there was a response rate of 79% and a median survival of 9.5 months. These results were similar to those achieved with more intensive IV regimens. Several studies of chronic oral etoposide (50 mg/m2/d for 21 times) have been reported recently. Responses were observed in SCLC and germ cell tumors among patients who had relapsed after standard etoposide-containing regimens. These data suggest that etoposide may be a ""new"" drug when given in this schedule. The high response rates with oral etoposide suggest that oral administration may be substituted for IV administration. This substitution may allow for greater flexibility in chemotherapeutic administration, less hospitalization, and more acceptable toxicity.",601,True,urgent,0.5628827810287476,0.43711721897125244,0.5628827810287476
"Minute squamous cell carcinoma arising in the wall of a congenital lung cyst. A case of minute squamous cell carcinoma arising in a congenital lung cyst is reported. Two aspects of this case were notable. First, we were able to make the diagnosis of squamous cell carcinoma by bronchial lavage at an early stage. Second, to our knowledge, this is the first case of probable de novo origin of squamous cell carcinoma in a congenital lung cyst.",121,False,non-urgent,0.436808705329895,0.563191294670105,0.563191294670105
"Brain perfusion in acute encephalitis: relationship to prognosis studied using SPECT. Single photon emission computed tomography (SPECT) and cranial computed tomography were sequentially examined in 2 patients with acute encephalitis. Radiographic computed tomography revealed focal low-density areas within a few days of the onset of symptoms in both patients. In SPECT, 1 patient exhibited hyperperfusion in the corresponding area, while the other had a normal scan. The outcome of the former was poor, while the latter recovered fully. Abnormal brain perfusion, thus, coincided with a poor prognosis. SPECT may be used to promptly evaluate the focal change of acute encephalitis.",166,False,urgent,0.7374173998832703,0.2625826597213745,0.7374173998832703
"Pancreatic involvement in human immunodeficiency virus infection. Involvement of the pancreas by human immunodeficiency virus (HIV) infection has not been adequately addressed and is the object of this review. I analyzed the English language literature, including single case reports of pancreatic involvement and larger series reporting detailed pathological findings of patients with HIV infection. Nonspecific pathological changes in the pancreas are frequently seen at autopsy of HIV-infected patients, but are not more common than in controls. Several types of infections (mainly cytomegalovirus, Cryptococcus neoformans, and Mycobacteria) and neoplasms (lymphoma and Kaposi's sarcoma) can involve the pancreas because they are usually disseminated. Although the serum amylase may be elevated, the patient remains asymptomatic. Occasional instances of severe and even fatal pancreatitis have been reported with HIV infections and attendant drug toxicity. Pentamidine has a predictable incidence of hypoglycemic episodes and 2',3'-dideoxyinosine provokes pancreatitis in a minority of treated patients. Such drug toxicity seems to deserve greater clinical concern than opportunistic infections or neoplasms.",283,True,urgent,0.7098218202590942,0.29017817974090576,0.7098218202590942
"Reconstruction of the chronically insufficient anterior cruciate ligament with the central third of the patellar ligament. The results of reconstruction of the anterior cruciate ligament with the central third of the patellar ligament as a free, autogenous, non-vascularized graft were retrospectively reviewed at our institution. Eighty reconstructions in seventy-nine patients were evaluated after a minimum of two years. In forty-eight (60 per cent) of the knees, the reconstruction was augmented with an extra-articular lateral sling of iliotibial band. The patients were evaluated with a physical examination, a KT-1000 arthrometer, radiographs, a subjective questionnaire, and a revision of the scale of The Hospital for Special Surgery for rating ligaments. Postoperatively, seventy-six (95 per cent) of the eighty knees no longer gave way, and the pivot-shift test was negative in sixty-seven (84 per cent) of the knees. The average score on the ligament-rating scale was 93 points. All of the patients who had clinical instability at the time of the most recent follow-up had associated ligamentous instability that had not been appreciated or addressed at the time of reconstruction. Arthrometric evaluation revealed that the laxity differed by three millimeters or less from that of the untreated knee in sixty (76 per cent) of the treated knees. In the patient who had bilateral reconstruction, the laxity was the same in both knees. Seventeen patients, who had more than three millimeters of translation, also had additional related ligamentous instability, most commonly posterolateral instability and insufficiency of the medial collateral ligament. We think that major associated ligamentous instability predisposes the reconstruction to failure and should be corrected in conjunction with the reconstruction.",400,True,non-urgent,0.16557268798351288,0.8344272971153259,0.8344272971153259
"High risk of recurrent stroke after discontinuance of five to twelve years of transfusion therapy in patients with sickle cell disease. Although long-term transfusion therapy is at least 90% effective in preventing recurrent strokes after an initial cerebrovascular accident in patients with sickle cell disease, it is unknown how long transfusion therapy should be continued. To address this question, we prospectively discontinued transfusions in 10 patients with sickle cell disease whose median duration of transfusion therapy after an initial stroke was 9 1/2 years (range 5 to 12 years). Before the transfusions were discontinued, patients were examined by cerebral angiography, magnetic resonance imaging of the head, neuropsychologic testing, electroencephalography, and a complete neurologic examination. Within 12 months after transfusion therapy was stopped, 5 of 10 patients had had an ischemic event. Three events caused relatively mild deficits in the same areas as those originally affected. Two were associated with massive intracranial hemorrhage, including one on the contralateral side of original involvement. An additional patient died suddenly of unknown causes. Of the four remaining patients, three declined to resume transfusion and are relatively well at greater than or equal to 18 months after therapy was stopped. The studies performed before transfusions were stopped were not predictive of recurrent stroke. The risk of recurrent cerebrovascular accident in this group was significantly greater than the estimated risk of 10% in patients who are receiving long-term transfusion therapy (p = 0.002). This adverse outcome suggests that patients with sickle cell disease who have had a stroke must receive long-term transfusion indefinitely or a suitable therapeutic alternative must be devised.",368,True,urgent,0.5875077247619629,0.4124922752380371,0.5875077247619629
"Critical ischemia times and survival patterns of experimental pig flaps. Previous work on critical ischemia time suggested (1) a greater susceptibility of myocutaneous flaps over skin flaps to the ischemia reperfusion injury and (2) that duration of ischemia may affect the survival area of a flap. Using a pig model, 55 animals were operated on and the critical ischemia times and survival patterns of the buttock skin (n = 85) and latissimus dorsi myocutaneous (n = 88) island flaps were determined after being submitted to 0, 2, 4, 6, 8, 10, 12, 14, and 16 hours of normothermic ischemia. The average critical ischemia times (CIT50) were determined to be 9 and 10 hours for the buttock skin and latissimus dorsi myocutaneous flaps, respectively. Percentage of total area surviving (%TAS) in those flaps which did survive was adversely affected by increases in the ischemic interval in both flap models. A statistically significant decrease in percentage of total area surviving was found after 6 and 8 hours of ischemia for the buttock skin and latissimus dorsi myocutaneous flaps, respectively.",284,True,non-urgent,0.31307464838027954,0.6869253516197205,0.6869253516197205
"Corporate-sponsored breast cancer screening at the work site: results of a statewide program. Mobile screening mammography was offered to 3,627 employees of a large corporation in Pennsylvania and Delaware. The examination was available to women employees or employee spouses aged 35 years and older. Women were charged $30 for a standard two-view examination. They also received health education materials on mammography and breast self-examination. The remaining costs of the program were underwritten by the corporation. During this program, 3,627 mammographic studies were performed; 63 biopsies were recommended. Fifty-seven biopsies were performed, and nine cancers were diagnosed. Costs of this program are presented in detail. The authors conclude that mobile screening programs at the work site provide an inexpensive, convenient alternative to more traditional screening programs. The inherent advantages of this program are the low cost, the relative ease with which the examination can be performed, and the positive role that corporate medical personnel assume in encouraging individual and group participation.",209,False,non-urgent,0.060138311237096786,0.9398617148399353,0.9398617148399353
"A double-blind comparative study of doxazosin and prazosin when administered with beta-blockers or diuretics. The antihypertensive efficacy and safety of doxazosin (once daily) and prazosin (twice daily) were compared in patients with mild or moderate essential hypertension (diastolic blood pressure [DBP] 95 to 114 mm Hg) not adequately controlled by diuretics and beta-blockers. Doxazosin produced significantly greater mean reductions in standing (p = 0.01) and supine (p = 0.04) DBP than did prazosin; there were no significant between-group differences in either mean systolic blood pressure or heart rate. The overall mean daily doses for efficacy-evaluable patients were 4.7 mg of doxazosin and 6.7 mg of prazosin. Sixteen patients (84.2%) treated with doxazosin and 13 patients (56.5%) treated with prazosin were considered therapeutic successes (decrease in standing DBP greater than or equal to 10 mm Hg or to less than or equal to 90 mm Hg with greater than or equal to 5 mm Hg reduction from baseline). Of the 19 efficacy-evaluable patients treated with doxazosin, 15 (78.9%) showed improvement in the severity category of hypertension; an improvement in severity was reported in 14 patients (60.9%) treated with prazosin. Doxazosin produced a more favorable effect on serum lipid levels than did prazosin, although no statistically significant within- or between-group differences were observed. Most side effects experienced with either doxazosin or prazosin were mild or moderate and were tolerated or disappeared with continued treatment. The overall evaluation of toleration was excellent or good for 18 (90%) doxazosin- and 21 (91%) prazosin-treated patients. Clinical efficacy was rated as excellent or good for 16 patients (80%) treated with doxazosin and 15 patients (68%) treated with prazosin.",462,True,non-urgent,0.1872902363538742,0.8127097487449646,0.8127097487449646
"Lymphocyte subset distribution after radiation therapy for cancer of the uterine cervix. Possible prognostic implications and correlation with disease course. An analysis of lymphocyte subpopulations was done in patients with cancer of the uterine cervix before and at different intervals after the commencement of radiation therapy. A common feature was a duration of T-cell and B-cell lymphopenia after therapy. The findings relating to the T-cell subsets were interesting. Although the CD4/CD8 ratio remained unchanged in Stages I/IIA for 24 months after treatment, patients with Stages IIB and III showed a lowering of the ratio immediately after treatment. Distinctive patterns of lymphocyte subset distribution were seen in a comparison between patients who were disease-free and those with recurrent disease. The CD4+ cell counts and CD4/CD8 ratio differed between the two groups, with consistent lowered values during the follow-up associated with recurrent disease. This study demonstrates the effects of radiation therapy in altering lymphocyte subset distribution, resulting in characteristic patterns which could be used as clinical and prognostic indicators.",247,False,non-urgent,0.26476502418518066,0.7352350354194641,0.7352350354194641
"Endoscopic comparison of cimetidine and sucralfate for prevention of naproxen-induced acute gastroduodenal injury. Effect of scoring method. Nonsteroidal antiinflammatory drug-induced gastroduodenal mucosal damage observed endoscopically is usually categorized as hemorrhages, erosions, or ulcerations. We undertook this study to determine whether the injury produced by a commonly prescribed NSAID, naproxen, could be reduced by cotherapy with sucralfate or cimetidine and to determine how dependent the differences in the degree of protection against mucosal injury measured were on the scoring system used. Four groups of 20 healthy volunteers with endoscopically normal gastric and duodenal mucosa received naproxen (500 mg twice a day) plus cimetidine (300 mg four times a day or 400 mg twice a day), sucralfate (1 g four times a day), or placebo for seven days. After seven days of therapy, a second endoscopy was performed. Separate scoring systems were used for the presence of hemorrhages, erosions, and a combination of both types of injury. There were significantly fewer mucosal hemorrhages present when naproxen and cimetidine were administered than when naproxen was administered with placebo or sucralfate (placebo vs 300 mg cimetidine, P = 0.04, and placebo vs 400 mg cimetidine, P = 0.006, placebo vs sucralfate, P = 0.26). Both cimetidine dosages resulted in significantly fewer hemorrhages than were present following cotherapy of naproxen and sucralfate (P less than 0.05). In contrast, there was no discernible difference in the mucosal injury between placebo and any drug or between any two active therapies when the injury was evaluated based on the presence of gastric erosions.",446,True,non-urgent,0.1375182569026947,0.8624817728996277,0.8624817728996277
"Patterns of resource consumption in medical intensive care Intensive care is being scrutinized as a major factor in increasing health care costs. We examined 404 consecutive admissions to the medical ICUs at a university medical center to study patterns of consumption of ICU resources and the proportion of resources used by patients admitted for monitoring only. We found a skewed distribution of ICU resource consumption, with the ""high-cost"" 8 percent using as many ICU resources as the ""low-cost"" 92 percent. Forty-one percent of admissions did not receive acute ICU treatments, but these admissions consumed less than 10 percent of ICU resources. Reducing the number of patients admitted for monitoring will have a relatively small impact on hospital charges. Since over 70 percent of the high-cost patients died, improved understanding of prognosis and better physician-patient communication may substantially reduce the proportion of critical care resources expended on futile treatment.",196,False,urgent,0.7219225168228149,0.27807751297950745,0.7219225168228149
"Implications of echocardiographically assisted diagnosis of pericardial tamponade in contemporary medical patients: detection before hemodynamic embarrassment. Identification of suspected pericardial tamponade and the decision to perform invasive drainage of the pericardial space have historically been based on classic bedside findings. Two-dimensional echocardiography has improved detection of pericardial effusion, but it may be excessively sensitive in evaluation of patients for hemodynamic embarrassment. Therefore, 50 consecutive medical patients were examined who were identified by echocardiography to have probable tamponade (defined as the presence of right heart chamber collapse in the presence of a pericardial effusion) and who underwent combined right-sided cardiac catheterization and percutaneous pericardiocentesis. All patients had elevated pericardial pressure. However, many had minimal evidence of hemodynamic compromise (94% had systolic blood pressure greater than or equal to 100 mm Hg and 58% had a cardiac index greater than or equal to 2.3 liters/min per m2). Pericardiocentesis resulted in hemodynamic improvement, but frequently did not alleviate dyspnea or correct tachycardia. Patients with malignancy as the cause of tamponade had a high mortality rate (the cumulative probability of survival in such patients was only 17% at 1 year). Echocardiographically assisted diagnosis of pericardial tamponade in medical patients results in the identification of a substantial subset of patients with only subtle evidence of hemodynamic compromise. This subset of patients differs sharply from medical patients described in previous reports with classic tamponade. Although the patients can be managed by invasive catheter pericardiocentesis with few complications, the natural history and the optimal management strategy for this group are not resolved.",407,True,urgent,0.7869442105293274,0.213055819272995,0.7869442105293274
"Pancreatic pseudocyst in the left hepatic lobe: a report of two cases. The ultrasound and computed tomographic imaging features in a rare pancreatic pseudocyst of the liver are described in two patients. The pseudocysts occurred in the left lobe in both cases, one after a traumatic injury and the other after alcoholic pancreatitis. The possible topographical sequences with which pancreatic secretions entered the left hepatic lobe to form a cyst are discussed.",108,False,urgent,0.5657917857170105,0.4342082440853119,0.5657917857170105
"Brain and spinal cord hemorrhage in long-term survivors of malignant pediatric brain tumors: a possible late effect of therapy. Three children with malignant primary CNS tumors treated with craniospinal radiotherapy developed intraparenchymal hemorrhages a median of 5 years following therapy in sites distant from the primary tumor. Radical surgical procedures disclosed fresh and old hematoma, gliosis, and necrosis in all 3 patients and an aggregation of abnormal microscopic blood vessels in two. No tumor was found. All 3 patients remain in long-term (greater than 10 years) continuous remission.",139,False,urgent,0.7709766030311584,0.22902342677116394,0.7709766030311584
Pivotal role of early and sustained infarct vessel patency in patients with acute myocardial infarction. Thrombolytic therapy in acute myocardial infarction unequivocally has improved short- and long-term mortality. The fundamental goal of therapy for evolving myocardial infarction is early and sustained infarct vessel recanalization. The mechanisms linking an open artery with improved long-term survival and other clinical outcomes are presented with use of data from extensive clinical trials.,111,False,urgent,0.5789849758148193,0.42101502418518066,0.5789849758148193
"Differential effect of oncotic pressure on cerebral and extracerebral water content during cardiopulmonary bypass in rabbits. To study the effect of oncotic pressure on brain water content during cardiopulmonary bypass (CPB), 14 anesthetized New Zealand White rabbits underwent 60 min of nonpulsatile CPB at normothermia. Animals were grouped according to the composition of the circuit priming fluid. Group 1 animals (n = 7) received a priming fluid (6.5% hydroxyethyl starch in 0.72 N NaCl; 323 +/- 13 mOsm/kg [mean +/- SD]) that maintained normal colloid oncotic pressure (COP) during CPB (19.0 +/- 1.5 mmHg). Group 2 animals (n = 7) received a priming fluid (0.9 N NaCl; 324 +/- 23 mOsm/kg) that led to a hypooncotic state (COP = 6.2 +/- 1.2 mmHg). Blood chemistries and hemodynamics were recorded every 15 min during CPB. Animals were given additional priming fluid and sodium bicarbonate during CPB to maintain a circuit flow of 85 ml.kg-1.min-1 and arterial pH greater than 7.35. There were no significant differences between groups 1 and 2 with respect to temperature, central venous pressure, mean arterial pressure, PaO2, PaCO2, plasma sodium concentration, or osmolality at any time during CPB, although osmolality increased in both groups. After 60 min of bypass, animals were killed and organ water contents were determined by wet/dry weight ratios. A separate group of nine similarly prepared and anesthetized animals that did not undergo cannulation or CPB also underwent measurement of plasma chemistries and tissue water contents and served as nonbypass controls (group 3). Brain and kidney water contents were unaffected by oncotic pressure, whereas duodenum and skeletal muscle had significantly greater water content (P = 0.003 and P = 0.008, respectively) after hypooncotic CPB.",487,True,urgent,0.7097111940383911,0.2902888059616089,0.7097111940383911
"Rupture of coronary vasa vasorum as a trigger of acute myocardial infarction. Some controversy has always existed regarding the presence and extent of the vasa vasorum--the nutrient vessels in the wall of the human aorta--in the coronary arteries. Now, cinemicrographic studies using silicone polymer injections in cleared human hearts have identified the vasa vasorum of coronary arteries, revealing evidence of neovascularization in the region of atherosclerotic plaques. These studies suggest an important role for the vasa vasorum in the pathogenesis of coronary atherosclerosis and its sequelae, especially intramural hemorrhage and vascular spasm. The wall of the human coronary artery in regions of atherosclerotic injury may be particularly rich in capillary vessels of the vasa vasorum. From this, the evidence suggests that with the morning increase in blood pressure, fragile neovascular structures of the vasa vasorum may be more prone to rupture and may be responsible, in part, for the circadian variation in myocardial infarction.",261,True,non-urgent,0.394562304019928,0.605437695980072,0.605437695980072
"Global and molecular hemostatic markers in acute myeloid leukemia. Patients with acute myeloid leukemia have multiple hemostatic and thrombotic complications, which may or may not result from disseminated intravascular coagulation. Previous studies incorporating routine coagulation analyses failed to detect any clinically useful information in most of these patients. In this study, the first comprehensive evaluation of the various aspects of the hemostatic system in a population of patients with acute myeloid leukemia was performed. Eighteen patients (23-71 years of age) were studied at either diagnosis or relapse. Hemostatic studies were performed at onset and on days 3, 7, and 30 after initiation of therapy. The bone marrow blast counts ranged from 8% to 98%; prothrombin time and activated partial thromboplastin time showed only minor prolongations in a few of these patients. However, in all patients measurement of platelet-associated markers revealed elevated platelet factor 4 and thromboxane B2 and normal 6-keto-prostaglandin F1 alpha levels. Fibrinolytic markers showed an increase in D-dimer and tissue plasminogen activator and a decrease in alpha 2-antiplasmin levels. Plasminogen, plasminogen activator inhibitor, and fibrinogen levels were normal. Coagulation markers demonstrated a decrease in protein C and antithrombin III levels and an elevation of the thrombin-antithrombin complex. The pretreatment values for all hemostatic markers studied were similar to the values obtained on days 3, 7, and 30 during treatment. This investigation demonstrated a subclinical activation of the components of the hemostatic system possibly leading to a hypercoagulable state. Although only six patients (33%) experienced hemorrhagic complications, the risk of bleeding and/or thrombosis was strongly evident in all patients. The significance of finding abnormal levels of specific molecular markers of hemostasis will be established in the future application of such markers in clinical evaluations of leukemic patients known to be at risk for coagulation disorders.",469,True,urgent,0.5044337511062622,0.4955662190914154,0.5044337511062622
"Stressful events and life satisfaction among elderly men and women. The purpose of this study was to examine the interrelationships among stressful events, domain-specific assessments of life satisfaction, and global evaluations of life satisfaction. This research was guided by two competing theoretical formulations. According to bottom-up theory, older adults first assess feelings of satisfaction within specific life domains that are based in part on the experiences (i.e., stressors) they encounter in these areas. The domain-specific views are subsequently synthesized to form an overall sense of satisfaction with life as a whole. In contrast, the top-down theory suggests that a person's ongoing sense of satisfaction with life as a whole predisposes him or her to assess satisfaction with specific domains in ways that are congruent with his or her initial sense of global life satisfaction. Analysis of data provided by older participants in a nationwide survey tends to support the bottom-up perspective.",197,False,non-urgent,0.033108584582805634,0.9668914675712585,0.9668914675712585
"Studies on autoimmunity for initiation of beta-cell destruction. VI. Macrophages essential for development of beta-cell-specific cytotoxic effectors and insulitis in NOD mice. NOD mice were treated with silica (which is selectively toxic to macrophages) from 4 or 20.5 wk of age. Syngeneic neonatal pancreases were transplanted into the renal subcapsular space of the NOD mice at 21 wk of age. Silica treatment was continued until 24 wk of age, and then the mice were killed for examination of islet morphology. Neither the islets in transplanted pancreases nor the host pancreatic islets from the early long-term silica-treated animals revealed insulitis. In contrast, most of the islets in transplanted pancreases from the late short-term silica-treated animals showed severe insulitis and beta-cell necrosis, as did the host islets. A further experiment was performed to compare the effect of late short-term silica treatment with that of anti-L3T4-antibody treatment of the same time and duration. In contrast to the late short-term silica-treated animals, the transplanted pancreases in the anti-L3T4-antibody-treated animals revealed intact islets, although most of the host islets showed insulitis. The control group, which received no treatment but did receive neonatal pancreases, revealed severe insulitis and beta-cell necrosis of both transplanted and host islets. These results suggest that early macrophage depletion can abolish the development of beta-cell-specific immunologic effectors but that late macrophage depletion, after the development of insulitis, does not affect the destruction of beta-cells by preexisting effectors other than macrophages. We conclude that macrophages are essential for the development of beta-cell-specific cytotoxic effectors in the initial phase of insulitis in NOD mice.",452,True,non-urgent,0.15590669214725494,0.8440933227539062,0.8440933227539062
"The relationship of headache symptoms with severity and duration of attacks. Efforts to develop clinically useful headache classification schemes have generally focused on linking specific symptom groupings with specific headache subtypes. An alternative conceptual approach, the ""severity model"" of headache, considers a continuum of headache ranging from mild to severe forms with specific headache subtypes distinguished by level of severity rather than unique constellations of symptoms. A population-based telephone interview was carried out among 10,169 subjects aged 12-29 to estimate the prevalence of serious headaches and better characterize symptoms that accompany headache attacks. In an analysis of frequency of occurrence, pain and duration of recent (within 4 weeks prior to interview) headache attacks, the data revealed that common symptoms (such as forehead pain and pain in the back of the head, neck and shoulders) were reported frequently, but headaches with these symptoms were generally characterized by low levels of pain and short duration. Although not an original study objective, the data were analyzed to determine whether distinct symptom constellations could be identified or whether symptoms overlapped between headache types. Symptoms of migraine were frequently experienced concomitant with tension-type symptoms; the resultant headaches were usually characterized as moderate in intensity. In contrast, symptoms usually associated with migraine in the absence of concomitant tension-type symptoms were infrequently experienced, but resulted in headaches causing the greatest disability. The data provide some support for the severity model of headache.",314,True,non-urgent,0.046069465577602386,0.9539305567741394,0.9539305567741394
"Platelet aggregation is not necessary for occurrence of Raynaud's phenomenon: a clinical history and laboratory results. ""Raynaud's phenomenon (R.P.) is characterized by a spastic vasoconstriction of hand and/or feet extremities leading to painful ischemic attacks. In the pathogeny of this syndrome the role of a platelet hyperactivation was evidenced. Nevertheless, the responsibility of platelet aggregation remains controversial. We report here the case of a patient presenting with a Glanzmann thrombasthenia defined by the complete lack of platelet aggregation, and showing a typical RP which was confirmed by the measurement of hand temperature and the decrease of digital and hand blood flow. Thus, the description of this case shows that platelet aggregation by itself is not necessary for the occurrence of RP, and encourages for therapeutic purposes the development of vasodilatators rather than platelet antiaggregants agents."".",215,False,non-urgent,0.28881943225860596,0.711180567741394,0.711180567741394
"Gastric antral vascular ectasia (""watermelon stomach""): radiologic findings. Radiologic findings in a patient with gastric antral vascular ectasia are described on computed tomographic scans, upper gastrointestinal series, and specimen radiographs. Findings include prominent, scalloped antral folds radiating to the pylorus and thickening of the gastric antrum. Pathognomonic red vascular folds, likened to stripes on a watermelon, can be seen endoscopically.",122,False,non-urgent,0.4156988263130188,0.584301233291626,0.584301233291626
"Relative risks of left ventricular aneurysmectomy in patients with akinetic scars versus true dyskinetic aneurysms. From 1971 to 1988, 303 patients underwent left ventricular aneurysm resection. We analyzed preoperative and procedure-related variables to ascertain risk factors for surgery. A distinction was made between akinetic and dyskinetic aneurysms to assess potential relation with postoperative outcome. Indications for surgery were arrhythmia in 20 patients, congestive heart failure in 81, angina in 133, congestive heart failure and angina in 42, and other combinations in the remaining 27 patients. The left ventricular aneurysm was dyskinetic in 180 patients and akinetic in 121. Risk factors and surgical procedures were similar in both groups. Left ventricular ejection fraction was less than or equal to 30% in 98 patients. Coronary bypass grafting was performed in 269 patients, with an average of 2.3 grafts per patient. Mitral valve replacement, the most common concomitant procedure, was performed in 16 patients. Intra-aortic balloon assist was required postoperatively in 47 patients. Overall operative mortality was 13% (38 patients) and was due to low cardiac output in 23 patients and arrhythmia in 12 patients. Univariate and multivariate analyses related early mortality to New York Heart Association functional classification of heart failure, the predominant indications of arrhythmia or congestive heart failure, left ventricular ejection fraction less than or equal to 30%, the need for intra-aortic balloon support, and the excision of an akinetic (18%) rather than dyskinetic (8%) left ventricular aneurysm. Over a follow-up period averaging nearly 5 years, the actuarial survival at 5 years was 63% in the dyskinetic group and 51% in the akinetic group.",431,True,urgent,0.5195647478103638,0.48043525218963623,0.5195647478103638
"Skeletal manifestations of ectopic or inappropriate endocrine and metabolic syndromes. A variety of tumors and nontumorous lesions were used to illustrate some of the biologic, clinical, and pathologic aspects of inappropriate or ectopic endocrine and metabolic syndromes that have musculoskeletal repercussions. It is clear, both from the discussion and case material, that many mechanisms of ectopic endocrine syndromes have yet to be clarified. Elaborate techniques are available for hormonal estimations, but their routine use is prohibitively expensive and relatively unrewarding. Cells of a given lesion may be functionally heterogeneous or may fail to elaborate active products in substantial amounts. Different cells may produce similar peptides, while the same cells can produce more than one. Despite these difficulties, recognition of ectopic endocrine syndromes remains crucial to diagnosis and patient management, and thus corroboration or correlation must often rest on a cruder basis. In fact, the clinical significance of basic laboratory data, e.g., PTH elevation, may vary, as PTH may be immunoreactive but biologically inactive. As another example, hypercalcemia associated with myeloma may be variously related to coexistent hyperparathyroidism, renal disease, dehydration, or humoral osteolysis. Therefore, roentgenographic evidence of bone destruction or skeletal stigmata of hyperparathyroidism imbues laboratory data with greater significance. Paraneoplastic syndromes are of particular concern to the radiologist, as multiple systemic manifestations, occurring either synchronously or metachronously, may suggest the presence of an underlying or unifying lesion or even of a specific type of neoplasm. They may precede detection of neoplasms by months to years and can develop at any time during their course. Paraneoplastic syndromes may, furthermore, parallel the course of a lesion and be used as indicators of remission or recurrence. Conversely, those unassociated with overt symptoms possess endocrine markers that can reinforce sometimes silent skeletal stigmata. Familiarity with representative secretory products influencing the musculoskeletal system per se may often clarify seemingly innocuous and sometimes asymptomatic skeletal findings. Alert imagers may, therefore, detect, infer, or suspect particular syndromes when they present in a specific sequence or mosaic. Conversely, when apprised of their existence, imagers should know where their related effects may be sought or anticipated. Such relationships, sometimes serendipitously discovered, may be valuable assets in clinical diagnosis and patient management in both suspected and unsuspected cases.",606,True,non-urgent,0.11210977286100388,0.8878901600837708,0.8878901600837708
"Quantitative proton magnetic resonance imaging in focal cerebral ischemia in rat brain. Proton magnetic resonance (MR) imaging has been recommended as a diagnostic tool for the detection of focal cerebral ischemia. We compared microscopic MR images of rat brains after focal cerebral ischemia with evidence of histological damage found on corresponding silver-impregnated or cresyl violet-stained brain sections. Ten male Wistar rats were subjected to permanent unilateral occlusions of the right middle cerebral and common carotid arteries under halothane anesthesia. Twenty-four hours later the area of injury on MR images amounted to 26% of the total slice area, whereas only 9% of the total slice area was necrotic on histological sections from the same animals. The infarcted areas on tissue sections were surrounded by regions of selective neuronal injury in the cerebral cortex and occasionally in the hippocampus. The area of injury on MR images was larger than the combined areas of infarction and selective neuronal injury on histological sections. Areas of increased T2 values on MR images extended medially into noninfarcted striatum and laterally and dorsally into noninfarcted cortex. The lateral and dorsal areas on MR images frequently coincided with cortical areas in which considerable selective neuronal injury was present in the upper cortical layers. We hypothesize that the abnormal areas on MR images above histologically normal brain tissue represent the ischemic penumbra. If true, this is the first demonstration of the ischemic penumbra by MR imaging and may reflect our use of Wistar rats, a new image analysis technique, and ultra-high resolution MR imaging.",370,True,urgent,0.5793605446815491,0.42063939571380615,0.5793605446815491
"Fludarabine: a new agent with marked cytoreductive activity in untreated chronic lymphocytic leukemia. Thirty-three patients with chronic lymphocytic leukemia (CLL) with advanced Rai stage (III-IV) or progressive Rai stage (0-II) disease were treated with fludarabine as a single agent. Eleven patients (33%) obtained a complete remission (CR), 13 (39%) a clinical CR with residual nodules as the only evidence of disease (nodular partial remission [PR]), and two patients (6%) achieved a PR for a total response rate of 79%. Response was rapid, usually occurring after three to six courses of treatment. The major morbidity was infection. Febrile episodes occurred in 13% of the courses (pneumonia 6%, minor infection 4%, and transient fever of undocumented cause 3%). Fludarabine appears to be the most cytoreductive single agent so far studied in CLL.",223,False,urgent,0.6934592723846436,0.3065407872200012,0.6934592723846436
"The flail mitral valve: echocardiographic findings by precordial and transesophageal imaging and Doppler color flow mapping. To determine the echocardiographic and Doppler characteristics of mitral regurgitation associated with a flail mitral valve, precordial and transesophageal echocardiography with pulsed wave and Doppler color flow mapping was performed in 17 patients with a flail mitral valve leaflet due to ruptured chordae tendineae (Group I) and 22 patients with moderate or severe mitral regurgitation due to other causes (Group II). Echocardiograms were performed before or during cardiac surgery; cardiac catheterization was also performed in 28 patients (72%). Mitral valve disease was confirmed at cardiac surgery in all patients. By echocardiography, the presence of a flail mitral valve leaflet was defined by the presence of abnormal mitral leaflet coaptation or ruptured chordae. Using these criteria, transesophageal imaging showed a trend toward greater sensitivity and specificity than precordial imaging in the diagnosis of flail mitral valve leaflet. By Doppler color flow mapping, a flail mitral valve leaflet was also characterized by an eccentric, peripheral, circular mitral regurgitant jet that closely adhered to the walls of the left atrium. The direction of flow of the eccentric jet in the left atrium distinguished a flail anterior from a flail posterior leaflet. By transesophageal echocardiography with Doppler color flow mapping, the ratio of mitral regurgitant jet arc length to radius of curvature was significantly higher in Group I than Group II patients (5.0 +/- 2.3 versus 0.7 +/- 0.6, p less than 0.001); all of the Group I patients and none of the Group II patients had a ratio greater than 2.5.",422,True,non-urgent,0.29071786999702454,0.7092821002006531,0.7092821002006531
"Antitumor activity of liposome-encapsulated doxorubicin in advanced breast cancer: phase II study. Previous studies in animals have demonstrated liposome-encapsulated doxorubicin (LED) has substantially less cardiac toxicity than free doxorubicin but retains antitumor activity. In a phase I clinical study of LED, the maximum tolerated dose was 90 mg/m2 and dose-limiting toxicity was considered to have been reached when granulocytopenia was produced. We used LED to treat 20 patients with advanced, measurable breast cancer. LED was given at doses of 60-75 mg/m2 every 3 weeks as an intravenous infusion. Regression of disease was objectively measured in nine patients; in five of these patients, complete regression of the index lesion occurred. The mean duration of the responses was 7 months. Hematologic toxicity consisted of grade 1-2 leukopenia in some patients. Gastrointestinal toxicity and mucositis were generally mild and tolerable. Alopecia occurred in all patients and usually was complete. Twelve patients received cumulative doses of LED of greater than 400 mg/m2 and were evaluated with radionuclide ventriculograms. In eight patients, the cumulative dose was greater than 500 mg/m2, and five had endomyocardial biopsies. Four of these biopsy results were Billingham grade 0, while one (cumulative LED dose, 750 mg/m2) showed grade 1 changes with mild myofibrillar loss and dilatation of the sarcoplasmic reticulum involving less than 5% of cardiac myocytes. Two patients had decreases in left ventricular ejection fraction. One of these patients had received a total dose of LED of 630 mg/m2 and had a decline of 13% in left ventricular ejection fraction, but had no clinical evidence of congestive heart failure and had a Billingham grade 0 endomyocardial biopsy.",430,True,urgent,0.5460428595542908,0.45395714044570923,0.5460428595542908
"Ratio of immunochemically determined amniotic fluid acetylcholinesterase to butyrylcholinesterase in the differential diagnosis of fetal abnormalities. A total of 111 amniotic fluid samples, clear or blood stained, with elevated levels of alpha-fetoprotein and acetylcholinesterase was analysed by immunoassays specific for acetylcholinesterase and butyrylcholinesterase and the acetylcholinesterase/butyrylcholinesterase-ratios determined. Samples from 40 pregnancies associated with anencephaly, 47 pregnancies associated with open spina bifida or encephalocele and six pregnancies with fetal intrauterine death or miscarriage all had ratios of greater than 0.14. All 11 pregnancies with fetal ventral wall defects had ratios less than 0.14 as had four pregnancies with normal outcome and elevated levels of alpha-fetoprotein and acetylcholinesterase. Three fetuses with both open spina bifida and ventral wall defects were associated with ratios above 0.14. These results suggest that immunochemical determination of acetylcholinesterase and butyrylcholinesterase can be used to distinguish pregnancies complicated by anencephaly, open spina bifida, encephalocele and miscarriage from those with ventral wall defects and samples with false positive elevated levels of alpha-fetoprotein and acetylcholinesterase. The procedure is accurate and simple to carry out and well suited to routine use in a clinical chemistry laboratory.",362,True,urgent,0.5071142315864563,0.4928857386112213,0.5071142315864563
"Multiple organ failure: inflammatory priming and activation sequences promote autologous tissue injury. Systemic inflammation promotes multiple organ failure through the induction of diffuse microvascular leak. Inflammatory cells such as neutrophils propagate this process. Tissue injury by neutrophils may be viewed as a normal process, inflammation, that has become uncontrolled and generalized. Multiple inflammatory stimuli synergistically promote neutrophil-mediated tissue injury in priming and activation sequences. In some settings, cellular priming is mediated by platelet-activating factor and can be prevented by platelet-activating factor antagonists. Inhibiting cellular priming could be efficacious in the therapy of multiple organ failure.",165,False,urgent,0.6386188864707947,0.36138105392456055,0.6386188864707947
Bleeding from duodenal lymphangiectasia. An 8 year old girl with recurrent upper gastrointestinal bleeding was found to have localised duodenal lymphangiectasia by fibreoptic endoscopy. She did not show physical signs or laboratory evidence of significant enteric protein loss. A low fat diet seemed to prevent further bleeding. Duodenal lymphangiectasia may be associated with gastrointestinal bleeding in children.,105,False,urgent,0.5222941040992737,0.4777059555053711,0.5222941040992737
